{

  "allTransaction": [
    {
      "id": 88891,
      "shippingBillNo": {
        "label": "ABC123",
        "id": 88891
      },
      "formNo": {
        "label": "123456",
        "id": 88891
      },
      "billReffrenceNo": {
        "label": "123456",
        "id": 88891
      },
      "importorName": "ABC Importor",
      "recordStatus": "Pending Payment",
      "statusCode": "Document Warehoused",
      "billCurrency": "USD",
      "billAmount": 10000,
      "billDate": "10/08/2021",
      "portDestination": "IND",
      "outStandingAmount": "5000",
      "dueIn": 10,
      "ieCode": "12345678",
      "ieName": "abc",
      "ebrc": []
    },
    {
      "id": 88892,
      "shippingBillNo": {
        "label": "ABC123",
        "id": 88892
      },
      "formNo": {
        "label": "123456",
        "id": 88892
      },
      "importorName": "XYZ Importor",
      "recordStatus": "Pending Lodgment",
      "statusCode": "PEN_LODG",
      "billCurrency": "USD",
      "billAmount": 10000,
      "billDate": "10/08/2021",
      "portDestination": "AUS",
      "outStandingAmount": "5000",
      "dueIn": 10,
      "ieCode": "12345678",
      "ieName": "qrs",
      "ebrc": []
    },

    {
      "id": 88893,
      "shippingBillNo": {
        "label": "ABC124",
        "id": 88893
      },
      "formNo": {
        "label": "123457",
        "id": 88893
      },
      "billReffrenceNo": {
        "label": "123456",
        "id": 88893
      },
      "importorName": "ABC Importor",
      "recordStatus": "Partially Paid",
      "statusCode": "PAR_PAID",
      "billCurrency": "USD",
      "billAmount": 10000,
      "billDate": "10/08/2021",
      "portDestination": "AUS",
      "outStandingAmount": "5000",
      "dueIn": 10,
      "ieCode": "12345678",
      "ieName": "xyz",
      "ebrc": [
        {
          "label": "123456",
          "id": 88893
        },
        {
          "label": "123456",
          "id": 88893
        }

      ]

    },

    {
      "id": 88894,
      "shippingBillNo": {
        "label": "ABC123",
        "id": 88894
      },
      "formNo": {
        "label": "123456",
        "id": 88894
      },
      "billReffrenceNo": {
        "label": "123456",
        "id": 88894
      },
      "importorName": "ABC Importor",
      "recordStatus": "Settled",
      "statusCode": "SETTLED",
      "billCurrency": "USD",
      "billAmount": 10000,
      "billDate": "10/08/2021",
      "portDestination": "IND",
      "outStandingAmount": "5000",
      "dueIn": 10,
      "ieCode": "12345678",
      "ieName": "xyz",
      "ebrc": [
        {
          "label": "123456",
          "id": 88894
        },
        {
          "label": "123456",
          "id": 88894
        }

      ]

    },
    {
      "id": 88895,
      "shippingBillNo": {
        "label": "ABC124",
        "id": 88895
      },
      "formNo": {
        "label": "123457",
        "id": 88895
      },
      "billReffrenceNo": {
        "label": "123456",
        "id": 88895
      },
      "importorName": "ABC Importor",
      "recordStatus": "Pending Payment",
      "statusCode": "PEN_PAY",
      "billCurrency": "EUR",
      "billAmount": 10000,
      "billDate": "10/08/2021",
      "portDestination": "AUS",
      "outStandingAmount": "5000",
      "dueIn": 10,
      "ieCode": "12345678",
      "ieName": "xyz",
      "ebrc": []
    },
    {
      "id": 88896,
      "shippingBillNo": {
        "label": "ABC123",
        "id": 88896
      },
      "formNo": {
        "label": "123456",
        "id": 88896
      },
      "importorName": "XYZ Importor",
      "recordStatus": "Pending Lodgment",
      "statusCode": "PEN_LODG",
      "billCurrency": "EUR",
      "billAmount": 10000,
      "billDate": "10/08/2021",
      "portDestination": "IND",
      "outStandingAmount": "5000",
      "dueIn": 10,
      "ieCode": "12345678",
      "ieName": "xyz",
      "ebrc": []
    },
    {
      "id": 88897,
      "shippingBillNo": {
        "label": "ABC123",
        "id": 88897
      },
      "formNo": {
        "label": "123456",
        "id": 88897
      },
      "billReffrenceNo": {
        "label": "123456",
        "id": 88897
      },
      "importorName": "ABC Importor",
      "recordStatus": "Partially Paid",
      "statusCode": "PAR_PAID",
      "billCurrency": "EUR",
      "billAmount": 10000,
      "billDate": "10/08/2021",
      "portDestination": "AUS",
      "outStandingAmount": "5000",
      "dueIn": 10,
      "ieCode": "12345678",
      "ieName": "abc",
      "ebrc": [
        {
          "label": "123456",
          "id": 88897
        },
        {
          "label": "123456",
          "id": 88897
        }

      ]

    },
    {
      "id": 88898,
      "shippingBillNo": {
        "label": "ABC123",
        "id": 88898
      },
      "formNo": {
        "label": "123456",
        "id": 88898
      },
      "billReffrenceNo": {
        "label": "123456",
        "id": 88898
      },
      "importorName": "ABC Importor",
      "recordStatus": "Settled",
      "statusCode": "SETTLED",
      "billCurrency": "EUR",
      "billAmount": 10000,
      "billDate": "10/08/2021",
      "portDestination": "AUS",
      "outStandingAmount": "5000",
      "dueIn": 10,
      "ieCode": "12345678",
      "ieName": "abc",
      "ebrc": [
        {
          "label": "123456",
          "id": 88898
        },
        {
          "label": "123456",
          "id": 88898
        }

      ]

    }
  ],
  "pending_payment": [
    {
      "id": 88891,
      "shippingBillNo": {
        "label": "ABC125",
        "id": 88891
      },
      "formNo": {
        "label": "123456",
        "id": 88891
      },
      "billReffrenceNo": {
        "label": "123456",
        "id": 88891
      },
      "importorName": "ABC Importor",
      "recordStatus": "Pending Payment",
      "statusCode": "PEN_PAY",
      "billCurrency": "USD",
      "billAmount": 10000,
      "billDate": "10/08/2021",
      "portDestination": "IND",
      "outStandingAmount": "5000",
      "dueIn": 10,
      "ieCode": "12345678",
      "ieName": "acg",
      "ebrc": []
    },
    {
      "id": 88895,
      "shippingBillNo": {
        "label": "ABC124",
        "id": 88895
      },
      "formNo": {
        "label": "123457",
        "id": 88895
      },
      "billReffrenceNo": {
        "label": "123456",
        "id": 88895
      },
      "importorName": "ABC Importor",
      "recordStatus": "Pending Payment",
      "statusCode": "PEN_PAY",
      "billCurrency": "EUR",
      "billAmount": 10000,
      "billDate": "10/08/2021",
      "portDestination": "AUS",
      "outStandingAmount": "5000",
      "dueIn": 10,
      "ieCode": "12345678",
      "ieName": "xyz",
      "ebrc": []
    }


  ],
  "pending_lodgment": [
    {
      "id": 88892,
      "shippingBillNo": {
        "label": "ABC123",
        "id": 88892
      },
      "formNo": {
        "label": "123456",
        "id": 88892
      },
      "billReffrenceNo": {
        "label": "123456",
        "id": 88891
      },
      "importorName": "XYZ Importor",
      "recordStatus": "Pending Lodgment",
      "statusCode": "Document Warehoused",
      "billCurrency": "USD",
      "billAmount": 10000,
      "billDate": "10/08/2021",
      "portDestination": "AUS",
      "outStandingAmount": "5000",
      "dueIn": 10,
      "ieCode": "12345678",
      "ieName": "qrs",
      "ebrc": []
    },
    {
      "id": 88896,
      "shippingBillNo": {
        "label": "ABC123",
        "id": 88896
      },
      "formNo": {
        "label": "123456",
        "id": 88896
      },
      "billReffrenceNo": {
        "label": "123456",
        "id": 88891
      },
      "importorName": "XYZ Importor",
      "recordStatus": "Pending Lodgment",
      "statusCode": "pending With Bank",
      "billCurrency": "EUR",
      "billAmount": 10000,
      "billDate": "10/08/2021",
      "portDestination": "IND",
      "outStandingAmount": "5000",
      "dueIn": 10,
      "ieCode": "12345678",
      "ieName": "qrs",
      "ebrc": []
    }


  ],
  "partially_paid": [
    {
      "id": 88893,
      "shippingBillNo": {
        "label": "ABC124",
        "id": 88893
      },
      "formNo": {
        "label": "123457",
        "id": 88893
      },
      "billReffrenceNo": {
        "label": "123456",
        "id": 88893
      },
      "importorName": "ABC Importor",
      "recordStatus": "Partially Paid",
      "statusCode": "PAR_PAID",
      "billCurrency": "USD",
      "billAmount": 10000,
      "billDate": "10/08/2021",
      "portDestination": "AUS",
      "outStandingAmount": "5000",
      "dueIn": 10,
      "ieCode": "12345678",
      "ieName": "abc",
      "ebrc":    
        {
          "label": "123456",
          "id": 88893
        }   

    },
    {
      "id": 88897,
      "shippingBillNo": {
        "label": "ABC123",
        "id": 88897
      },
      "formNo": {
        "label": "123456",
        "id": 88897
      },
      "billReffrenceNo": {
        "label": "123456",
        "id": 88897
      },
      "importorName": "ABC Importor",
      "recordStatus": "Partially Paid",
      "statusCode": "PAR_PAID",
      "billCurrency": "EUR",
      "billAmount": 10000,
      "billDate": "10/08/2021",
      "portDestination": "AUS",
      "outStandingAmount": "5000",
      "dueIn": 10,
      "ieCode": "12345678",
      "ieName": "acg",
      "ebrc": 
        {
          "label": "123456",
          "id": 88897
        }
    }

  ],
  "settled": [
    {
      "id": 88894,
      "shippingBillNo": {
        "label": "ABC123",
        "id": 88894
      },
      "formNo": {
        "label": "123456",
        "id": 88894
      },
      "billReffrenceNo": {
        "label": "123456",
        "id": 88894
      },
      "importorName": "ABC Importor",
      "recordStatus": "Settled",
      "statusCode": "SETTLED",
      "billCurrency": "USD",
      "billAmount": 10000,
      "billDate": "10/08/2021",
      "portDestination": "IND",
      "outStandingAmount": "5000",
      "dueIn": 10,
      "ieCode": "12345678",
      "ieName": "xyz",
      "ebrc": 
        {
          "label": "123456",
          "id": 88894
        }
    },
    {
      "id": 88898,
      "shippingBillNo": {
        "label": "ABC123",
        "id": 88898
      },
      "formNo": {
        "label": "123456",
        "id": 88898
      },
      "billReffrenceNo": {
        "label": "123456",
        "id": 88898
      },
      "importorName": "ABC Importor",
      "recordStatus": "Settled",
      "statusCode": "SETTLED",
      "billCurrency": "EUR",
      "billAmount": 10000,
      "billDate": "10/08/2021",
      "portDestination": "AUS",
      "outStandingAmount": "5000",
      "dueIn": 10,
      "ieCode": "12345678",
      "ieName": "xyz",
      "ebrc": 
        {
          "label": "123456",
          "id": 88898
        }
    }
  ],
  "filterOptions":{
    "currency":[
       {
          "label":"USD",
          "id":"USD"
       },
       {
          "label":"EUR",
          "id":"EUR"
       }
    ],
    "shippingBillNumber":[
       {
          "label":"ABC123",
          "id":"ABC123"
       },
       {
          "label":"ABC124",
          "id":"ABC124"
       }
    ],
    "status":[
       {
          "label":"Pending Lodgment",
          "id":"PEN_LODG"
       },
       {
          "label":"Pending Payment",
          "id":"PEN_PAY"
       },
       {
          "label":"Partially Paid",
          "id":"PAR_PAID"
       },
       {
          "label":"Settled",
          "id":"SETTLED"
       }
    ],
    "formNumber":[
       {
          "label":"123456",
          "id":"123456"
       },
       {
          "label":"123457",
          "id":"123457"
       }
    ],
    "dateRange":[
       {
          "label":"Within 3 months",
          "id":"threeMonths"
       },
       {
          "label":"Within 6 months",
          "id":"sixMonths"
       },
       {
          "label":"Within 9 months",
          "id":"nineMonths"
       }
    ],
    "pendingSince":[
       {
          "label":"21 days- 9 months",
          "id":"latest"
       },
       {
          "label":"9 months - 2 years",
          "id":"old"
       },
{
    "label" : "Over 2 years",
          "id": "oldest"
}
    ],
    "portCode":[
       {
          "label":"AUS",
          "id":"AUS"
       },
       {
          "label":"IND",
          "id":"IND"
       }
    ],
    "importor": [
 {
          "label":"XYZ Importor",
          "id":"XYZ"
       },
       {
          "label":"ABC Importor",
          "id":"ABC"
       }

],
    "bankRefrenceNumber": [
{
          "label":"123",
          "id":"123"
       },
       {
          "label":"456",
          "id":"456"
       }

]
 }
}
  
  
 

